transaction_id,date,account_id,period,amount,description
T000001,2025-01-04,4000,2025-01,14623.620356542087,Monthly SaaS subscription
T000002,2025-01-24,4000,2025-01,16352.14291922975,Annual license renewal
T000003,2025-01-08,4000,2025-01,15695.981825434214,Monthly SaaS subscription
T000004,2025-01-05,4000,2025-01,15295.975452591108,Software seat expansion
T000005,2025-01-04,4000,2025-01,13968.05592132731,Software seat expansion
T000006,2025-01-24,4000,2025-01,13967.983561008608,Software seat expansion
T000007,2025-01-03,4000,2025-01,13674.250836504598,Software seat expansion
T000008,2025-01-14,4000,2025-01,16098.528437324803,Monthly SaaS subscription
T000009,2025-01-01,4000,2025-01,15303.345035229628,Monthly SaaS subscription
T000010,2025-01-07,4000,2025-01,15624.217733388135,Monthly SaaS subscription
T000011,2025-02-20,4000,2025-02,13561.753482887409,Monthly SaaS subscription
T000012,2025-02-18,4000,2025-02,16409.72955648598,Monthly SaaS subscription
T000013,2025-02-23,4000,2025-02,15997.327922401266,Software seat expansion
T000014,2025-02-23,4000,2025-02,14137.01733203483,Software seat expansion
T000015,2025-02-14,4000,2025-02,14045.4749016213,Monthly SaaS subscription
T000016,2025-02-15,4000,2025-02,14050.213529560302,Software seat expansion
T000017,2025-02-09,4000,2025-02,14412.726728878612,Monthly SaaS subscription
T000018,2025-02-25,4000,2025-02,15074.269294896714,Monthly SaaS subscription
T000019,2025-02-23,4000,2025-02,14795.835055926347,Annual license renewal
T000020,2025-02-11,4000,2025-02,14373.687420594126,Annual license renewal
T000021,2025-03-07,4000,2025-03,25878.755279532048,Annual license renewal
T000022,2025-03-04,4000,2025-03,23487.437669550964,Monthly SaaS subscription
T000023,2025-03-13,4000,2025-03,24260.23228320954,Monthly SaaS subscription
T000024,2025-03-12,4000,2025-03,24635.956831674317,Annual license renewal
T000025,2025-03-20,4000,2025-03,25090.104295098743,Annual license renewal
T000026,2025-03-26,4000,2025-03,26756.203304552135,Monthly SaaS subscription
T000027,2025-03-24,4000,2025-03,23792.098522176697,Annual license renewal
T000028,2025-03-18,4000,2025-03,25384.56184446891,Monthly SaaS subscription
T000047,2025-06-08,4000,2025-06,14435.133228268232,Monthly SaaS subscription
T000048,2025-06-15,4000,2025-06,15060.20406353343,Annual license renewal
T000049,2025-06-09,4000,2025-06,15140.130838029838,Software seat expansion
T000050,2025-06-23,4000,2025-06,14054.563366576582,Software seat expansion
T000051,2025-06-08,4000,2025-06,16408.753883293677,Software seat expansion
T000052,2025-06-11,4000,2025-06,15825.398470083344,Monthly SaaS subscription
T000053,2025-06-08,4000,2025-06,16318.496824692567,Monthly SaaS subscription
T000054,2025-06-26,4000,2025-06,16184.482051282946,Annual license renewal
T000055,2025-06-13,4000,2025-06,15293.699936433251,Annual license renewal
T000056,2025-06-03,4000,2025-06,16265.622705069349,Monthly SaaS subscription
T000076,2025-09-20,4000,2025-09,17430.02389346996,Annual license renewal
T000077,2025-09-17,4000,2025-09,17570.90115561982,Annual license renewal
T000078,2025-09-18,4000,2025-09,15246.815505780303,Monthly SaaS subscription
T000079,2025-09-22,4000,2025-09,16194.885761814245,Software seat expansion
T000080,2025-09-04,4000,2025-09,15386.2301984171,Software seat expansion
T000081,2025-09-18,4000,2025-09,17877.011419585313,Annual license renewal
T000082,2025-09-25,4000,2025-09,17077.660422758527,Software seat expansion
T000083,2025-09-11,4000,2025-09,16102.993416175495,Monthly SaaS subscription
T000084,2025-09-10,4000,2025-09,15211.861167620078,Annual license renewal
T000085,2025-10-15,4000,2025-10,18041.183706433734,Monthly SaaS subscription
T000086,2025-10-24,4000,2025-10,18094.437457600303,Software seat expansion
T000087,2025-10-09,4000,2025-10,19611.02316876774,Software seat expansion
T000088,2025-10-25,4000,2025-10,19265.840517582048,Monthly SaaS subscription
T000089,2025-10-17,4000,2025-10,20202.047784661223,Monthly SaaS subscription
T000090,2025-10-28,4000,2025-10,18645.80596935731,Software seat expansion
T000091,2025-10-10,4000,2025-10,17323.478422268632,Software seat expansion
T000092,2025-10-17,4000,2025-10,19549.66795208623,Software seat expansion
T000093,2025-11-05,4000,2025-11,19727.943932313363,Annual license renewal
T000094,2025-11-25,4000,2025-11,18979.78949088561,Monthly SaaS subscription
T000095,2025-11-18,4000,2025-11,19766.126924829605,Software seat expansion
T000096,2025-11-01,4000,2025-11,18726.733486366466,Software seat expansion
T000097,2025-11-11,4000,2025-11,18835.24811018248,Annual license renewal
T000098,2025-11-01,4000,2025-11,18478.27881884456,Monthly SaaS subscription
T000099,2025-11-12,4000,2025-11,16970.321725290356,Annual license renewal
T000100,2025-11-08,4000,2025-11,17279.592851224894,Monthly SaaS subscription
T000101,2025-12-19,4000,2025-12,16992.859446325252,Monthly SaaS subscription
T000102,2025-12-03,4000,2025-12,19261.53904223918,Software seat expansion
T000103,2025-12-16,4000,2025-12,18053.834929036224,Monthly SaaS subscription
T000104,2025-12-25,4000,2025-12,18782.140091867637,Software seat expansion
T000105,2025-12-25,4000,2025-12,20278.37427722285,Monthly SaaS subscription
T000106,2025-12-05,4000,2025-12,17809.84585930828,Software seat expansion
T000107,2025-12-16,4000,2025-12,18413.935961383613,Software seat expansion
T000108,2025-12-06,4000,2025-12,19708.316769536432,Annual license renewal
T000109,2025-01-28,4100,2025-01,3783.038532393298,Consulting engagement
T000110,2025-01-14,4100,2025-01,3661.583927863034,Professional services invoice
T000111,2025-01-18,4100,2025-01,3831.8011623310144,Consulting engagement
T000112,2025-01-23,4100,2025-01,3728.977029803203,Professional services invoice
T000113,2025-01-23,4100,2025-01,4343.758121874059,Implementation fee
T000114,2025-01-13,4100,2025-01,4246.496303651534,Consulting engagement
T000115,2025-01-21,4100,2025-01,4106.72300520834,Implementation fee
T000116,2025-01-15,4100,2025-01,4297.168472150174,Consulting engagement
T000117,2025-01-15,4100,2025-01,4242.937661519291,Professional services invoice
T000118,2025-01-08,4100,2025-01,3749.2560471088286,Professional services invoice
T000119,2025-02-11,4100,2025-02,5392.558998489978,Professional services invoice
T000120,2025-02-19,4100,2025-02,5039.34224191565,Consulting engagement
T000121,2025-02-08,4100,2025-02,5307.440155164063,Consulting engagement
T000122,2025-02-08,4100,2025-02,5396.091299923493,Professional services invoice
T000123,2025-02-03,4100,2025-02,4818.003474971863,Consulting engagement
T000124,2025-02-21,4100,2025-02,4610.051924527676,Professional services invoice
T000125,2025-02-08,4100,2025-02,4727.935162541942,Professional services invoice
T000126,2025-02-02,4100,2025-02,4927.1077886262565,Implementation fee
T000127,2025-03-17,4100,2025-03,5318.014765922493,Professional services invoice
T000128,2025-03-09,4100,2025-03,5360.730583256343,Consulting engagement
T000129,2025-03-16,4100,2025-03,4506.95213053119,Professional services invoice
T000130,2025-03-18,4100,2025-03,5010.747302577566,Professional services invoice
T000131,2025-03-24,4100,2025-03,4917.411003148779,Consulting engagement
T000132,2025-03-19,4100,2025-03,4722.10781047073,Implementation fee
T000133,2025-03-08,4100,2025-03,4619.865367333683,Implementation fee
T000134,2025-03-26,4100,2025-03,4837.615171403628,Implementation fee
T000143,2025-05-24,4100,2025-05,4441.998671904343,Implementation fee
T000144,2025-05-26,4100,2025-05,4267.447386503795,Professional services invoice
T000145,2025-05-08,4100,2025-05,4253.191550557749,Professional services invoice
T000146,2025-05-07,4100,2025-05,4032.788397648473,Consulting engagement
T000147,2025-05-15,4100,2025-05,4541.834963537686,Professional services invoice
T000148,2025-05-14,4100,2025-05,4446.825798425655,Professional services invoice
T000149,2025-05-09,4100,2025-05,4045.7588899999905,Implementation fee
T000150,2025-05-08,4100,2025-05,4247.685745988099,Professional services invoice
T000151,2025-05-15,4100,2025-05,4807.347454192581,Consulting engagement
T000152,2025-06-02,4100,2025-06,4739.561890666972,Consulting engagement
T000153,2025-06-18,4100,2025-06,4644.894872091223,Professional services invoice
T000154,2025-06-03,4100,2025-06,4989.452760277563,Professional services invoice
T000155,2025-06-06,4100,2025-06,5485.6504541106015,Implementation fee
T000156,2025-06-16,4100,2025-06,4742.055271511501,Implementation fee
T000157,2025-06-07,4100,2025-06,5172.135547405878,Implementation fee
T000158,2025-06-02,4100,2025-06,5261.619615328717,Professional services invoice
T000159,2025-06-13,4100,2025-06,4737.6375439923995,Professional services invoice
T000169,2025-08-02,4100,2025-08,3632.620113243811,Consulting engagement
T000170,2025-08-11,4100,2025-08,4072.7143545505937,Professional services invoice
T000171,2025-08-02,4100,2025-08,4142.051489473826,Consulting engagement
T000172,2025-08-16,4100,2025-08,3613.270263142285,Consulting engagement
T000173,2025-08-28,4100,2025-08,4009.674446639424,Consulting engagement
T000174,2025-08-06,4100,2025-08,3781.1966201583505,Professional services invoice
T000175,2025-08-17,4100,2025-08,4116.13823232756,Professional services invoice
T000176,2025-08-28,4100,2025-08,3739.493143203993,Professional services invoice
T000177,2025-08-03,4100,2025-08,4152.750190481973,Consulting engagement
T000178,2025-08-03,4100,2025-08,3909.3882770404302,Consulting engagement
T000179,2025-09-13,4100,2025-09,5436.729988736734,Professional services invoice
T000180,2025-09-19,4100,2025-09,4637.520944145993,Professional services invoice
T000181,2025-09-19,4100,2025-09,4841.066351050258,Consulting engagement
T000182,2025-09-02,4100,2025-09,4613.473521240589,Consulting engagement
T000183,2025-09-03,4100,2025-09,5424.693618278563,Implementation fee
T000184,2025-09-22,4100,2025-09,5377.339353380981,Consulting engagement
T000185,2025-09-19,4100,2025-09,4757.941627715155,Consulting engagement
T000186,2025-09-11,4100,2025-09,5159.984046034179,Implementation fee
T000187,2025-10-22,4100,2025-10,5317.222200201216,Consulting engagement
T000188,2025-10-11,4100,2025-10,5055.200811599463,Professional services invoice
T000189,2025-10-09,4100,2025-10,5029.650578356006,Implementation fee
T000190,2025-10-05,4100,2025-10,4741.852290900451,Consulting engagement
T000191,2025-10-21,4100,2025-10,4593.102767805899,Implementation fee
T000192,2025-10-15,4100,2025-10,5397.215757953327,Implementation fee
T000193,2025-10-25,4100,2025-10,5400.418057163331,Professional services invoice
T000194,2025-10-01,4100,2025-10,5133.101457273268,Implementation fee
T000205,2025-12-01,4100,2025-12,4085.143247727672,Consulting engagement
T000206,2025-12-27,4100,2025-12,3607.357641293304,Consulting engagement
T000207,2025-12-10,4100,2025-12,3681.1772342928257,Consulting engagement
T000208,2025-12-04,4100,2025-12,4130.801415286444,Professional services invoice
T000209,2025-12-09,4100,2025-12,3604.049267076975,Professional services invoice
T000210,2025-12-04,4100,2025-12,3728.646441133999,Consulting engagement
T000211,2025-12-18,4100,2025-12,4038.987031493269,Professional services invoice
T000212,2025-12-09,4100,2025-12,4153.516158154154,Implementation fee
T000213,2025-12-20,4100,2025-12,4121.569007602081,Professional services invoice
T000214,2025-12-23,4100,2025-12,3779.415447568448,Implementation fee
T000215,2025-01-22,5000,2025-01,-3909.134416010652,GCP compute bill
T000216,2025-01-28,5000,2025-01,-3552.9368156226,Cloudflare charge
T000217,2025-01-17,5000,2025-01,-3619.04977361945,Cloudflare charge
T000218,2025-01-09,5000,2025-01,-3934.8685538385184,AWS invoice
T000219,2025-01-03,5000,2025-01,-3862.2246742854113,GCP compute bill
T000220,2025-01-14,5000,2025-01,-4011.9175578706336,Cloudflare charge
T000221,2025-01-02,5000,2025-01,-3868.209669225257,AWS invoice
T000222,2025-01-11,5000,2025-01,-3801.231452501604,AWS invoice
T000223,2025-02-09,5000,2025-02,-2756.2048606968556,AWS invoice
T000224,2025-02-24,5000,2025-02,-2920.62948183566,Cloudflare charge
T000225,2025-02-18,5000,2025-02,-2859.1214206090353,GCP compute bill
T000226,2025-02-14,5000,2025-02,-2846.39378602745,GCP compute bill
T000227,2025-02-01,5000,2025-02,-3283.8063328514672,AWS invoice
T000228,2025-02-03,5000,2025-02,-2935.8586348000563,GCP compute bill
T000229,2025-02-05,5000,2025-02,-3235.227933106268,GCP compute bill
T000230,2025-02-02,5000,2025-02,-3078.6831755983576,Cloudflare charge
T000231,2025-02-19,5000,2025-02,-3176.886782124989,GCP compute bill
T000232,2025-02-05,5000,2025-02,-3001.5822558631153,Cloudflare charge
T000233,2025-03-02,5000,2025-03,-3807.6779134697695,Cloudflare charge
T000234,2025-03-12,5000,2025-03,-3744.388270364148,AWS invoice
T000235,2025-03-12,5000,2025-03,-3521.432240848533,AWS invoice
T000236,2025-03-22,5000,2025-03,-3916.8390864461294,AWS invoice
T000237,2025-03-22,5000,2025-03,-3585.579271830642,AWS invoice
T000238,2025-03-12,5000,2025-03,-3393.23697482359,GCP compute bill
T000239,2025-03-28,5000,2025-03,-3859.1042219303754,Cloudflare charge
T000240,2025-03-20,5000,2025-03,-3507.8330095552865,GCP compute bill
T000241,2025-04-08,5000,2025-04,-4080.3439382646857,AWS invoice
T000242,2025-04-26,5000,2025-04,-4090.446432751941,AWS invoice
T000243,2025-04-14,5000,2025-04,-4061.1482926653366,AWS invoice
T000244,2025-04-06,5000,2025-04,-3652.619025191583,GCP compute bill
T000245,2025-04-11,5000,2025-04,-3386.5924623966503,Cloudflare charge
T000246,2025-04-26,5000,2025-04,-4071.2389219407937,GCP compute bill
T000247,2025-04-28,5000,2025-04,-3696.138111237986,GCP compute bill
T000248,2025-04-26,5000,2025-04,-4099.991114282752,AWS invoice
T000249,2025-05-06,5000,2025-05,-3642.4133180595018,GCP compute bill
T000250,2025-05-04,5000,2025-05,-3568.6729703115734,Cloudflare charge
T000251,2025-05-28,5000,2025-05,-3196.2992613797237,AWS invoice
T000252,2025-05-28,5000,2025-05,-3256.7318190679503,Cloudflare charge
T000253,2025-05-08,5000,2025-05,-3567.424447677905,AWS invoice
T000254,2025-05-27,5000,2025-05,-3211.281336770852,Cloudflare charge
T000255,2025-05-12,5000,2025-05,-3112.9951644573953,Cloudflare charge
T000256,2025-05-27,5000,2025-05,-3371.2008416389003,AWS invoice
T000257,2025-05-08,5000,2025-05,-3624.103182773854,AWS invoice
T000258,2025-06-07,5000,2025-06,-3117.6178780049836,Cloudflare charge
T000259,2025-06-11,5000,2025-06,-3042.036702053619,Cloudflare charge
T000260,2025-06-28,5000,2025-06,-2758.305896262461,AWS invoice
T000261,2025-06-25,5000,2025-06,-3069.004336019502,Cloudflare charge
T000262,2025-06-12,5000,2025-06,-3294.032310062558,GCP compute bill
T000263,2025-06-17,5000,2025-06,-2784.0504091419143,Cloudflare charge
T000264,2025-06-22,5000,2025-06,-3010.997791418242,GCP compute bill
T000265,2025-06-11,5000,2025-06,-3226.4238431567733,AWS invoice
T000266,2025-06-04,5000,2025-06,-3144.461170652523,Cloudflare charge
T000267,2025-06-06,5000,2025-06,-3118.2094445971607,GCP compute bill
T000277,2025-08-01,5000,2025-08,-3532.1967859778506,GCP compute bill
T000278,2025-08-26,5000,2025-08,-3433.3092871851773,GCP compute bill
T000279,2025-08-22,5000,2025-08,-3467.9779181718022,GCP compute bill
T000280,2025-08-24,5000,2025-08,-3530.5284462907343,GCP compute bill
T000281,2025-08-22,5000,2025-08,-3593.3368945450443,AWS invoice
T000282,2025-08-12,5000,2025-08,-3225.3301045676903,Cloudflare charge
T000283,2025-08-03,5000,2025-08,-3250.388635093296,GCP compute bill
T000284,2025-08-11,5000,2025-08,-3062.6546265605793,GCP compute bill
T000285,2025-08-11,5000,2025-08,-3385.5200939974497,GCP compute bill
T000294,2025-10-24,5000,2025-10,-2916.1143848467577,AWS invoice
T000295,2025-10-20,5000,2025-10,-2776.2363075911308,GCP compute bill
T000296,2025-10-10,5000,2025-10,-3013.3459560328824,Cloudflare charge
T000297,2025-10-18,5000,2025-10,-3161.9961318591663,AWS invoice
T000298,2025-10-10,5000,2025-10,-2829.4926164981057,Cloudflare charge
T000299,2025-10-07,5000,2025-10,-3073.7342854914,Cloudflare charge
T000300,2025-10-26,5000,2025-10,-2751.208478996261,GCP compute bill
T000301,2025-10-20,5000,2025-10,-2731.009032701165,GCP compute bill
T000302,2025-10-11,5000,2025-10,-3018.8127789408886,Cloudflare charge
T000303,2025-10-15,5000,2025-10,-3024.381072966064,Cloudflare charge
T000304,2025-11-07,5000,2025-11,-3082.457940898924,GCP compute bill
T000305,2025-11-16,5000,2025-11,-3135.6548002335967,GCP compute bill
T000306,2025-11-06,5000,2025-11,-3285.5112476775207,GCP compute bill
T000307,2025-11-03,5000,2025-11,-3009.780208980717,Cloudflare charge
T000308,2025-11-17,5000,2025-11,-2893.7738837647476,GCP compute bill
T000309,2025-11-21,5000,2025-11,-3177.1117168612222,GCP compute bill
T000310,2025-11-11,5000,2025-11,-2862.4993507572444,AWS invoice
T000311,2025-11-27,5000,2025-11,-2963.382852423382,AWS invoice
T000312,2025-11-22,5000,2025-11,-2747.0738288053594,Cloudflare charge
T000313,2025-11-08,5000,2025-11,-2715.210446049274,AWS invoice
T000314,2025-12-01,5000,2025-12,-4096.986311008444,AWS invoice
T000315,2025-12-08,5000,2025-12,-4001.9850903841543,Cloudflare charge
T000316,2025-12-20,5000,2025-12,-3896.980654570273,AWS invoice
T000317,2025-12-15,5000,2025-12,-3681.7147083107025,Cloudflare charge
T000318,2025-12-21,5000,2025-12,-3504.9707400531347,GCP compute bill
T000319,2025-12-07,5000,2025-12,-3492.3277820033145,GCP compute bill
T000320,2025-12-23,5000,2025-12,-3562.6821736234465,Cloudflare charge
T000321,2025-12-16,5000,2025-12,-3786.91999852959,Cloudflare charge
T000322,2025-01-05,5100,2025-01,-1042.9191845400126,SendGrid invoice
T000323,2025-01-23,5100,2025-01,-1032.0394753435462,Stripe API fees
T000324,2025-01-25,5100,2025-01,-955.9867793891884,Stripe API fees
T000325,2025-01-25,5100,2025-01,-1090.9730561326387,Twilio usage charge
T000326,2025-01-08,5100,2025-01,-1047.5793833391538,Stripe API fees
T000327,2025-01-26,5100,2025-01,-1010.8708105022802,SendGrid invoice
T000328,2025-01-17,5100,2025-01,-1022.3441492468704,Twilio usage charge
T000329,2025-01-02,5100,2025-01,-983.920012485558,SendGrid invoice
T000330,2025-02-28,5100,2025-02,-949.5461979002316,Stripe API fees
T000331,2025-02-15,5100,2025-02,-971.1945357302524,Stripe API fees
T000332,2025-02-26,5100,2025-02,-1051.5692220928738,Twilio usage charge
T000333,2025-02-22,5100,2025-02,-902.8786977259512,SendGrid invoice
T000334,2025-02-18,5100,2025-02,-923.2145281013832,SendGrid invoice
T000335,2025-02-11,5100,2025-02,-909.2005284043504,Twilio usage charge
T000336,2025-02-20,5100,2025-02,-908.145760463794,SendGrid invoice
T000337,2025-02-17,5100,2025-02,-1071.0921168022014,Twilio usage charge
T000338,2025-03-15,5100,2025-03,-832.5852575008039,Stripe API fees
T000339,2025-03-24,5100,2025-03,-795.867812653972,Twilio usage charge
T000340,2025-03-15,5100,2025-03,-735.6534657041602,Twilio usage charge
T000341,2025-03-25,5100,2025-03,-798.6585400186931,Stripe API fees
T000342,2025-03-27,5100,2025-03,-795.7554833248905,SendGrid invoice
T000343,2025-03-09,5100,2025-03,-747.7122991856024,SendGrid invoice
T000344,2025-03-16,5100,2025-03,-789.4162638780757,SendGrid invoice
T000345,2025-03-08,5100,2025-03,-783.7607575035798,Twilio usage charge
T000346,2025-03-15,5100,2025-03,-818.5360156883547,Stripe API fees
T000347,2025-03-23,5100,2025-03,-821.614984138823,Twilio usage charge
T000348,2025-04-09,5100,2025-04,-909.0608019544088,Twilio usage charge
T000349,2025-04-11,5100,2025-04,-974.9225229252944,SendGrid invoice
T000350,2025-04-03,5100,2025-04,-1025.1719831428472,Stripe API fees
T000351,2025-04-05,5100,2025-04,-1000.6272517160176,Stripe API fees
T000352,2025-04-13,5100,2025-04,-1071.2979682376645,SendGrid invoice
T000353,2025-04-05,5100,2025-04,-1031.738726323789,SendGrid invoice
T000354,2025-04-07,5100,2025-04,-932.586885416286,Stripe API fees
T000355,2025-04-14,5100,2025-04,-914.113749480086,Twilio usage charge
T000356,2025-05-18,5100,2025-05,-914.2078716811228,Twilio usage charge
T000357,2025-05-14,5100,2025-05,-804.7131218740661,Stripe API fees
T000358,2025-05-07,5100,2025-05,-904.1378811152824,Twilio usage charge
T000359,2025-05-13,5100,2025-05,-967.1520429199924,SendGrid invoice
T000360,2025-05-23,5100,2025-05,-902.3065205112674,Stripe API fees
T000361,2025-05-28,5100,2025-05,-869.0079868811595,SendGrid invoice
T000362,2025-05-13,5100,2025-05,-914.3623499453072,Twilio usage charge
T000363,2025-05-01,5100,2025-05,-881.4671805318252,Twilio usage charge
T000364,2025-05-10,5100,2025-05,-896.998540322833,Twilio usage charge
T000365,2025-06-18,5100,2025-06,-967.3715215602712,SendGrid invoice
T000366,2025-06-24,5100,2025-06,-868.6404689423599,SendGrid invoice
T000367,2025-06-26,5100,2025-06,-970.8783224575848,SendGrid invoice
T000368,2025-06-08,5100,2025-06,-960.9512252366336,Twilio usage charge
T000369,2025-06-08,5100,2025-06,-834.8073128514305,Twilio usage charge
T000370,2025-06-14,5100,2025-06,-812.3308979333627,Twilio usage charge
T000371,2025-06-01,5100,2025-06,-817.9160891337648,Twilio usage charge
T000372,2025-06-11,5100,2025-06,-803.2394356713866,SendGrid invoice
T000373,2025-06-22,5100,2025-06,-816.7898596899429,Twilio usage charge
T000374,2025-07-06,5100,2025-07,-829.281083746617,Twilio usage charge
T000375,2025-07-05,5100,2025-07,-731.3901837536366,SendGrid invoice
T000376,2025-07-18,5100,2025-07,-771.0361008470019,Stripe API fees
T000377,2025-07-13,5100,2025-07,-855.1800497551128,SendGrid invoice
T000378,2025-07-19,5100,2025-07,-723.7235097177321,SendGrid invoice
T000379,2025-07-01,5100,2025-07,-850.3149572142297,Stripe API fees
T000380,2025-07-21,5100,2025-07,-765.0967639637439,Twilio usage charge
T000381,2025-07-05,5100,2025-07,-738.906372419465,Twilio usage charge
T000382,2025-07-06,5100,2025-07,-831.477946458264,Stripe API fees
T000383,2025-07-09,5100,2025-07,-820.6308554847814,Twilio usage charge
T000393,2025-09-25,5100,2025-09,-974.4036171585566,SendGrid invoice
T000394,2025-09-02,5100,2025-09,-1055.282592148399,Stripe API fees
T000395,2025-09-08,5100,2025-09,-968.1607080506036,Stripe API fees
T000396,2025-09-27,5100,2025-09,-1086.1514651207128,Stripe API fees
T000397,2025-09-20,5100,2025-09,-1071.6825503686025,Stripe API fees
T000398,2025-09-08,5100,2025-09,-985.7988054750036,Stripe API fees
T000399,2025-09-16,5100,2025-09,-1050.1742135582997,SendGrid invoice
T000400,2025-09-04,5100,2025-09,-1050.9085748169364,SendGrid invoice
T000409,2025-11-19,5100,2025-11,-960.9567958078692,SendGrid invoice
T000410,2025-11-13,5100,2025-11,-816.2287425397571,Twilio usage charge
T000411,2025-11-23,5100,2025-11,-856.7668689049627,Stripe API fees
T000412,2025-11-03,5100,2025-11,-968.8999052534764,SendGrid invoice
T000413,2025-11-23,5100,2025-11,-968.9968261222324,SendGrid invoice
T000414,2025-11-08,5100,2025-11,-901.9445134441398,Stripe API fees
T000415,2025-11-23,5100,2025-11,-912.3266154968532,Twilio usage charge
T000416,2025-11-28,5100,2025-11,-879.7236483517013,SendGrid invoice
T000417,2025-11-20,5100,2025-11,-852.1263594129892,Stripe API fees
T000418,2025-12-26,5100,2025-12,-772.5863272591866,Stripe API fees
T000419,2025-12-12,5100,2025-12,-827.6029529723262,SendGrid invoice
T000420,2025-12-14,5100,2025-12,-840.3799247100288,SendGrid invoice
T000421,2025-12-12,5100,2025-12,-846.6526469961357,Stripe API fees
T000422,2025-12-17,5100,2025-12,-846.3389028471287,SendGrid invoice
T000423,2025-12-11,5100,2025-12,-734.5929764877905,Stripe API fees
T000424,2025-12-28,5100,2025-12,-799.107248752413,Twilio usage charge
T000425,2025-12-27,5100,2025-12,-729.2094016026631,Twilio usage charge
T000426,2025-12-04,5100,2025-12,-807.9246211717976,Twilio usage charge
T000427,2025-12-12,5100,2025-12,-790.6448802197403,SendGrid invoice
T000428,2025-01-23,6000,2025-01,-9578.140769348089,Payroll
T000429,2025-01-14,6000,2025-01,-8623.848911203695,Payroll
T000430,2025-01-24,6000,2025-01,-8208.119140315743,Contractor payment
T000431,2025-01-21,6000,2025-01,-8254.207434760598,Benefits administration
T000432,2025-01-20,6000,2025-01,-9353.796678608838,Contractor payment
T000433,2025-01-25,6000,2025-01,-9099.054334784463,Benefits administration
T000434,2025-01-15,6000,2025-01,-8179.773646440516,Benefits administration
T000435,2025-01-27,6000,2025-01,-8149.523210871106,Contractor payment
T000436,2025-01-19,6000,2025-01,-9246.167344816213,Benefits administration
T000437,2025-02-28,6000,2025-02,-8129.356455758566,Payroll
T000438,2025-02-27,6000,2025-02,-9461.084549849522,Payroll
T000439,2025-02-09,6000,2025-02,-9255.541737167105,Benefits administration
T000440,2025-02-08,6000,2025-02,-8144.620054474488,Benefits administration
T000441,2025-02-19,6000,2025-02,-8150.822602818119,Contractor payment
T000442,2025-02-22,6000,2025-02,-9754.025917335422,Benefits administration
T000443,2025-02-11,6000,2025-02,-8665.370303566437,Payroll
T000444,2025-02-16,6000,2025-02,-8658.919372563361,Benefits administration
T000445,2025-02-06,6000,2025-02,-9444.97700845778,Benefits administration
T000446,2025-03-12,6000,2025-03,-10894.497154767718,Benefits administration
T000447,2025-03-11,6000,2025-03,-10972.00212764574,Benefits administration
T000448,2025-03-20,6000,2025-03,-10506.756370517882,Contractor payment
T000449,2025-03-09,6000,2025-03,-9752.519171061833,Contractor payment
T000450,2025-03-01,6000,2025-03,-9167.001433397338,Contractor payment
T000451,2025-03-07,6000,2025-03,-10554.293831854871,Payroll
T000452,2025-03-08,6000,2025-03,-10116.80849947161,Contractor payment
T000453,2025-03-14,6000,2025-03,-9848.444018493952,Benefits administration
T000464,2025-05-18,6000,2025-05,-9037.100026839396,Contractor payment
T000465,2025-05-12,6000,2025-05,-9710.528975065852,Benefits administration
T000466,2025-05-24,6000,2025-05,-8666.436585819918,Contractor payment
T000467,2025-05-11,6000,2025-05,-8507.932597834419,Benefits administration
T000468,2025-05-23,6000,2025-05,-9544.176227892374,Benefits administration
T000469,2025-05-09,6000,2025-05,-8397.503712923472,Benefits administration
T000470,2025-05-09,6000,2025-05,-9712.395625672198,Payroll
T000471,2025-05-04,6000,2025-05,-8021.607955004118,Contractor payment
T000472,2025-05-07,6000,2025-05,-9724.229025258026,Benefits administration
T000473,2025-06-24,6000,2025-06,-9086.319823901153,Contractor payment
T000474,2025-06-25,6000,2025-06,-10782.286227396144,Contractor payment
T000475,2025-06-06,6000,2025-06,-10055.4022181726,Payroll
T000476,2025-06-07,6000,2025-06,-10985.9295922386,Contractor payment
T000477,2025-06-16,6000,2025-06,-9147.593129470795,Benefits administration
T000478,2025-06-24,6000,2025-06,-10107.708568802642,Contractor payment
T000479,2025-06-25,6000,2025-06,-10938.605071238198,Contractor payment
T000480,2025-06-20,6000,2025-06,-10046.195688340298,Benefits administration
T000481,2025-07-27,6000,2025-07,-10258.797276270529,Payroll
T000482,2025-07-10,6000,2025-07,-10391.497377969234,Payroll
T000483,2025-07-12,6000,2025-07,-9909.082129535547,Payroll
T000484,2025-07-10,6000,2025-07,-10255.116160168129,Payroll
T000485,2025-07-23,6000,2025-07,-10168.628623846202,Contractor payment
T000486,2025-07-05,6000,2025-07,-10802.31602098198,Benefits administration
T000487,2025-07-02,6000,2025-07,-9090.892760682917,Payroll
T000488,2025-07-18,6000,2025-07,-9561.92637918446,Benefits administration
T000489,2025-08-05,6000,2025-08,-8720.658374522493,Contractor payment
T000490,2025-08-28,6000,2025-08,-8624.422054225466,Benefits administration
T000491,2025-08-04,6000,2025-08,-7929.050804457141,Payroll
T000492,2025-08-19,6000,2025-08,-8192.21215648246,Benefits administration
T000493,2025-08-16,6000,2025-08,-7643.809892769812,Benefits administration
T000494,2025-08-15,6000,2025-08,-7500.993855558018,Benefits administration
T000495,2025-08-06,6000,2025-08,-7941.917447903972,Payroll
T000496,2025-08-09,6000,2025-08,-7765.363564841684,Benefits administration
T000497,2025-08-04,6000,2025-08,-8133.849778961395,Payroll
T000498,2025-08-13,6000,2025-08,-7324.375419143976,Benefits administration
T000499,2025-09-19,6000,2025-09,-10948.789615332333,Contractor payment
T000500,2025-09-22,6000,2025-09,-10972.421488959206,Payroll
T000501,2025-09-05,6000,2025-09,-10396.323428039492,Payroll
T000502,2025-09-26,6000,2025-09,-10072.19273268824,Contractor payment
T000503,2025-09-10,6000,2025-09,-9619.055232572657,Payroll
T000504,2025-09-08,6000,2025-09,-10627.590039413895,Payroll
T000505,2025-09-18,6000,2025-09,-10369.46234510776,Benefits administration
T000506,2025-09-20,6000,2025-09,-9325.233878689782,Contractor payment
T000517,2025-11-22,6000,2025-11,-8669.268207783198,Payroll
T000518,2025-11-06,6000,2025-11,-9440.983699167704,Payroll
T000519,2025-11-06,6000,2025-11,-9755.157563226569,Contractor payment
T000520,2025-11-03,6000,2025-11,-8267.407806406272,Payroll
T000521,2025-11-01,6000,2025-11,-9056.23238284824,Benefits administration
T000522,2025-11-15,6000,2025-11,-8677.139300677372,Contractor payment
T000523,2025-11-20,6000,2025-11,-9724.292262781515,Benefits administration
T000524,2025-11-10,6000,2025-11,-9497.100307796816,Payroll
T000525,2025-11-08,6000,2025-11,-9490.36214170869,Benefits administration
T000526,2025-12-10,6000,2025-12,-7949.909055671952,Contractor payment
T000527,2025-12-28,6000,2025-12,-7863.711203740264,Benefits administration
T000528,2025-12-03,6000,2025-12,-7637.451315089131,Contractor payment
T000529,2025-12-08,6000,2025-12,-7290.200794641483,Benefits administration
T000530,2025-12-26,6000,2025-12,-8583.555802008086,Contractor payment
T000531,2025-12-19,6000,2025-12,-8500.641614608125,Contractor payment
T000532,2025-12-26,6000,2025-12,-8799.548277257809,Payroll
T000533,2025-12-14,6000,2025-12,-8794.618939318249,Payroll
T000534,2025-12-18,6000,2025-12,-8088.690728964204,Payroll
T000535,2025-12-21,6000,2025-12,-8430.379864288816,Payroll
T000536,2025-01-27,6100,2025-01,-3024.8698499346824,Google Ads
T000537,2025-01-03,6100,2025-01,-2972.0263281541174,Google Ads
T000538,2025-01-06,6100,2025-01,-2637.415612079554,Sponsored content
T000539,2025-01-20,6100,2025-01,-2750.3022973944967,Trade show expense
T000540,2025-01-27,6100,2025-01,-2571.7552306397192,Trade show expense
T000541,2025-01-10,6100,2025-01,-3030.0283484770684,Sponsored content
T000542,2025-01-04,6100,2025-01,-2836.763685806044,Sponsored content
T000543,2025-01-23,6100,2025-01,-2627.023780835257,Sponsored content
T000544,2025-01-23,6100,2025-01,-2873.1670468921425,Sponsored content
T000545,2025-02-17,6100,2025-02,-2843.404578032164,Trade show expense
T000546,2025-02-16,6100,2025-02,-2698.9792877960226,Sponsored content
T000547,2025-02-03,6100,2025-02,-2563.0875512220164,Trade show expense
T000548,2025-02-02,6100,2025-02,-2873.096219773778,Sponsored content
T000549,2025-02-24,6100,2025-02,-2789.0598338354407,Sponsored content
T000550,2025-02-20,6100,2025-02,-2929.0657731864667,Sponsored content
T000551,2025-02-01,6100,2025-02,-2788.9797228399966,Google Ads
T000552,2025-02-08,6100,2025-02,-2973.4341668436336,Trade show expense
T000553,2025-02-27,6100,2025-02,-2806.61491043027,Trade show expense
T000554,2025-03-01,6100,2025-03,-2530.468985767693,Trade show expense
T000555,2025-03-27,6100,2025-03,-2688.3268013291727,Sponsored content
T000556,2025-03-19,6100,2025-03,-2451.7414331061987,Google Ads
T000557,2025-03-25,6100,2025-03,-2317.0076142253206,Google Ads
T000558,2025-03-16,6100,2025-03,-2264.3913381566695,Trade show expense
T000559,2025-03-21,6100,2025-03,-2627.56862783681,Sponsored content
T000560,2025-03-09,6100,2025-03,-2560.154775676732,Google Ads
T000561,2025-03-19,6100,2025-03,-2602.039884049612,Sponsored content
T000562,2025-03-21,6100,2025-03,-2356.482080754455,Sponsored content
T000563,2025-03-03,6100,2025-03,-2318.1857377933848,Sponsored content
T000564,2025-04-14,6100,2025-04,-2508.08036981549,Sponsored content
T000565,2025-04-11,6100,2025-04,-2694.770866003665,Trade show expense
T000566,2025-04-04,6100,2025-04,-2827.732048252574,Google Ads
T000567,2025-04-11,6100,2025-04,-2717.91335838874,Sponsored content
T000568,2025-04-23,6100,2025-04,-2743.041623346516,Sponsored content
T000569,2025-04-10,6100,2025-04,-3002.31038582986,Trade show expense
T000570,2025-04-13,6100,2025-04,-2693.4752594573893,Trade show expense
T000571,2025-04-02,6100,2025-04,-2785.549716199895,Sponsored content
T000572,2025-04-03,6100,2025-04,-2935.3627848561905,Sponsored content
T000573,2025-05-11,6100,2025-05,-2720.3015457340393,Google Ads
T000574,2025-05-25,6100,2025-05,-2845.603722348819,Sponsored content
T000575,2025-05-28,6100,2025-05,-2979.090949303747,Trade show expense
T000576,2025-05-27,6100,2025-05,-3027.511457587579,Google Ads
T000577,2025-05-22,6100,2025-05,-2581.707489405021,Trade show expense
T000578,2025-05-15,6100,2025-05,-3014.7709028674967,Sponsored content
T000579,2025-05-02,6100,2025-05,-2773.3979405997434,Google Ads
T000580,2025-05-17,6100,2025-05,-2643.4691046105327,Sponsored content
T000581,2025-05-20,6100,2025-05,-2755.0754201323675,Sponsored content
T000582,2025-06-15,6100,2025-06,-2740.0162876427385,Google Ads
T000583,2025-06-07,6100,2025-06,-2496.3090469964345,Sponsored content
T000584,2025-06-18,6100,2025-06,-2414.375805143754,Google Ads
T000585,2025-06-10,6100,2025-06,-2566.700427158363,Sponsored content
T000586,2025-06-23,6100,2025-06,-2370.0728093890966,Sponsored content
T000587,2025-06-04,6100,2025-06,-2287.9316640543316,Google Ads
T000588,2025-06-21,6100,2025-06,-2314.4398609553245,Trade show expense
T000589,2025-06-26,6100,2025-06,-2314.0229194788863,Google Ads
T000590,2025-06-23,6100,2025-06,-2325.951346756147,Google Ads
T000591,2025-06-10,6100,2025-06,-2319.413586324705,Trade show expense
T000592,2025-07-18,6100,2025-07,-3213.046715502009,Sponsored content
T000593,2025-07-03,6100,2025-07,-2926.1750527494655,Google Ads
T000594,2025-07-27,6100,2025-07,-3028.5420520774146,Google Ads
T000595,2025-07-15,6100,2025-07,-3372.9927561912573,Google Ads
T000596,2025-07-21,6100,2025-07,-3108.726025164295,Google Ads
T000597,2025-07-16,6100,2025-07,-3229.723586575642,Trade show expense
T000598,2025-07-10,6100,2025-07,-2920.199919501019,Trade show expense
T000599,2025-07-23,6100,2025-07,-2932.680636755419,Sponsored content
T000600,2025-08-27,6100,2025-08,-2522.7047868147106,Sponsored content
T000601,2025-08-16,6100,2025-08,-2593.852812817869,Google Ads
T000602,2025-08-15,6100,2025-08,-2654.7724105733105,Trade show expense
T000603,2025-08-05,6100,2025-08,-2598.339157931526,Sponsored content
T000604,2025-08-07,6100,2025-08,-2549.279185420586,Trade show expense
T000605,2025-08-17,6100,2025-08,-2567.0199283892225,Trade show expense
T000606,2025-08-05,6100,2025-08,-2755.9882044626256,Google Ads
T000607,2025-08-09,6100,2025-08,-2614.6298435587737,Sponsored content
T000608,2025-08-11,6100,2025-08,-2702.3721450267085,Trade show expense
T000609,2025-09-27,6100,2025-09,-2779.676261586032,Google Ads
T000610,2025-09-10,6100,2025-09,-2883.55268257187,Trade show expense
T000611,2025-09-10,6100,2025-09,-2521.8400776894996,Trade show expense
T000612,2025-09-19,6100,2025-09,-2944.1168882828015,Trade show expense
T000613,2025-09-16,6100,2025-09,-2848.833549717171,Google Ads
T000614,2025-09-15,6100,2025-09,-2545.42168441604,Trade show expense
T000615,2025-09-16,6100,2025-09,-2985.3214578370985,Sponsored content
T000616,2025-09-11,6100,2025-09,-3011.5957780732297,Trade show expense
T000617,2025-09-25,6100,2025-09,-2533.9321999193685,Trade show expense
T000618,2025-10-15,6100,2025-10,-2653.8209156373355,Sponsored content
T000619,2025-10-28,6100,2025-10,-2947.889599885034,Google Ads
T000620,2025-10-23,6100,2025-10,-2915.6998279909217,Google Ads
T000621,2025-10-19,6100,2025-10,-2602.5116774202097,Sponsored content
T000622,2025-10-08,6100,2025-10,-2616.305179631506,Sponsored content
T000623,2025-10-02,6100,2025-10,-2705.817834884101,Sponsored content
T000624,2025-10-24,6100,2025-10,-2769.179436217234,Sponsored content
T000625,2025-10-23,6100,2025-10,-2843.474873072387,Sponsored content
T000626,2025-10-13,6100,2025-10,-2704.952021983207,Trade show expense
T000627,2025-11-05,6100,2025-11,-2481.267358066574,Sponsored content
T000628,2025-11-02,6100,2025-11,-2623.7354690668785,Google Ads
T000629,2025-11-17,6100,2025-11,-2268.341601445299,Trade show expense
T000630,2025-11-11,6100,2025-11,-2376.2184721720105,Google Ads
T000631,2025-11-28,6100,2025-11,-2606.6747929422763,Sponsored content
T000632,2025-11-04,6100,2025-11,-2697.6034188435997,Trade show expense
T000633,2025-11-15,6100,2025-11,-2505.838721057833,Google Ads
T000634,2025-11-24,6100,2025-11,-2516.056742632658,Google Ads
T000635,2025-11-14,6100,2025-11,-2303.586005669888,Trade show expense
T000636,2025-11-05,6100,2025-11,-2473.7061834117276,Google Ads
T000637,2025-12-26,6100,2025-12,-2795.8984813639017,Sponsored content
T000638,2025-12-11,6100,2025-12,-2634.7058353526277,Trade show expense
T000639,2025-12-23,6100,2025-12,-2649.579572749656,Sponsored content
T000640,2025-12-21,6100,2025-12,-2709.6023128359016,Google Ads
T000641,2025-12-28,6100,2025-12,-2511.15066543207,Sponsored content
T000642,2025-12-28,6100,2025-12,-2678.9328697684327,Trade show expense
T000643,2025-12-28,6100,2025-12,-2617.4711149980803,Trade show expense
T000644,2025-12-13,6100,2025-12,-2681.9429734321748,Sponsored content
T000645,2025-12-21,6100,2025-12,-2566.5345176773617,Trade show expense
T000646,2025-01-28,6200,2025-01,-1197.8949512755323,Accounting services
T000647,2025-01-02,6200,2025-01,-1131.909434123122,Accounting services
T000648,2025-01-03,6200,2025-01,-1150.9116264765532,Office supplies
T000649,2025-01-21,6200,2025-01,-1175.3713863571863,Accounting services
T000650,2025-01-10,6200,2025-01,-1110.764933095346,Office supplies
T000651,2025-01-24,6200,2025-01,-1019.3156195749832,Office supplies
T000652,2025-01-14,6200,2025-01,-1119.3570092930106,Office supplies
T000653,2025-01-25,6200,2025-01,-1130.409137337973,Accounting services
T000654,2025-01-23,6200,2025-01,-1165.6532164854066,Office supplies
T000655,2025-02-06,6200,2025-02,-1095.9243436065954,Accounting services
T000656,2025-02-10,6200,2025-02,-1028.351178399014,Office supplies
T000657,2025-02-02,6200,2025-02,-1063.0613123997166,Legal fees
T000658,2025-02-26,6200,2025-02,-1080.6849547552522,Office supplies
T000659,2025-02-10,6200,2025-02,-1143.5371647403558,Legal fees
T000660,2025-02-12,6200,2025-02,-1126.839623259758,Legal fees
T000661,2025-02-05,6200,2025-02,-1079.1326057550768,Office supplies
T000662,2025-02-17,6200,2025-02,-1219.2256108428844,Legal fees
T000663,2025-02-19,6200,2025-02,-1134.6166265237528,Accounting services
T000664,2025-03-06,6200,2025-03,-1184.3066979339983,Office supplies
T000665,2025-03-03,6200,2025-03,-1150.4456181551009,Accounting services
T000666,2025-03-28,6200,2025-03,-1163.214784796083,Legal fees
T000667,2025-03-20,6200,2025-03,-1186.489432096127,Accounting services
T000668,2025-03-08,6200,2025-03,-1165.170343314889,Legal fees
T000669,2025-03-19,6200,2025-03,-1171.6417560128264,Office supplies
T000670,2025-03-08,6200,2025-03,-1196.2737921734615,Legal fees
T000671,2025-03-21,6200,2025-03,-1168.3433988236886,Legal fees
T000672,2025-04-09,6200,2025-04,-1199.2812054725389,Accounting services
T000673,2025-04-01,6200,2025-04,-1017.8297212581426,Legal fees
T000674,2025-04-10,6200,2025-04,-1116.5580865711677,Accounting services
T000675,2025-04-18,6200,2025-04,-1091.1992948865914,Office supplies
T000676,2025-04-03,6200,2025-04,-1218.3063593130237,Legal fees
T000677,2025-04-12,6200,2025-04,-1024.8975338151226,Accounting services
T000678,2025-04-10,6200,2025-04,-1088.412355343498,Accounting services
T000679,2025-04-14,6200,2025-04,-1215.437874061193,Accounting services
T000680,2025-04-09,6200,2025-04,-1192.334916865329,Legal fees
T000681,2025-05-07,6200,2025-05,-1181.5715713220625,Legal fees
T000682,2025-05-28,6200,2025-05,-1057.31173934332,Legal fees
T000683,2025-05-04,6200,2025-05,-1037.9750194200146,Office supplies
T000684,2025-05-13,6200,2025-05,-1148.587382205429,Accounting services
T000685,2025-05-12,6200,2025-05,-1206.527997583908,Accounting services
T000686,2025-05-10,6200,2025-05,-1123.7250873364287,Accounting services
T000687,2025-05-10,6200,2025-05,-1127.0250421044225,Office supplies
T000688,2025-05-27,6200,2025-05,-1062.217576368952,Accounting services
T000689,2025-05-13,6200,2025-05,-1170.9984295982083,Legal fees
T000698,2025-07-20,6200,2025-07,-1270.3095553556532,Legal fees
T000699,2025-07-22,6200,2025-07,-1163.5906788185505,Accounting services
T000700,2025-07-25,6200,2025-07,-1245.2850254637044,Accounting services
T000701,2025-07-22,6200,2025-07,-1258.1473581378966,Office supplies
T000702,2025-07-21,6200,2025-07,-1137.9558842056067,Office supplies
T000703,2025-07-21,6200,2025-07,-1209.15106954848,Accounting services
T000704,2025-07-02,6200,2025-07,-1158.6036692347436,Legal fees
T000705,2025-07-26,6200,2025-07,-1140.843742618192,Legal fees
T000706,2025-08-19,6200,2025-08,-1372.4900580974863,Legal fees
T000707,2025-08-24,6200,2025-08,-1205.5884612436807,Office supplies
T000708,2025-08-03,6200,2025-08,-1327.4686114636586,Legal fees
T000709,2025-08-11,6200,2025-08,-1188.6601636909409,Accounting services
T000710,2025-08-14,6200,2025-08,-1295.3756805559824,Office supplies
T000711,2025-08-07,6200,2025-08,-1315.0569649724216,Office supplies
T000712,2025-08-26,6200,2025-08,-1273.909685151961,Accounting services
T000713,2025-08-12,6200,2025-08,-1242.8940471375397,Accounting services
T000714,2025-09-09,6200,2025-09,-982.3681828294538,Office supplies
T000715,2025-09-09,6200,2025-09,-969.7736533085993,Legal fees
T000716,2025-09-26,6200,2025-09,-1085.905828849565,Legal fees
T000717,2025-09-24,6200,2025-09,-1066.1238815575457,Legal fees
T000718,2025-09-26,6200,2025-09,-1093.0053821333026,Office supplies
T000719,2025-09-15,6200,2025-09,-924.8594446971088,Office supplies
T000720,2025-09-05,6200,2025-09,-1046.1734950407288,Office supplies
T000721,2025-09-28,6200,2025-09,-1087.6680913642076,Accounting services
T000722,2025-09-24,6200,2025-09,-936.246613233132,Accounting services
T000723,2025-09-13,6200,2025-09,-913.2992534733556,Accounting services
T000724,2025-10-03,6200,2025-10,-1164.693477620013,Legal fees
T000725,2025-10-01,6200,2025-10,-1127.660691817758,Legal fees
T000726,2025-10-18,6200,2025-10,-1187.073061501838,Office supplies
T000727,2025-10-15,6200,2025-10,-1031.0605281391754,Legal fees
T000728,2025-10-22,6200,2025-10,-1176.726069302198,Accounting services
T000729,2025-10-22,6200,2025-10,-1044.8060711217208,Legal fees
T000730,2025-10-19,6200,2025-10,-1036.3679873034898,Legal fees
T000731,2025-10-27,6200,2025-10,-1036.5035106513317,Accounting services
T000732,2025-10-12,6200,2025-10,-1181.0166044958626,Office supplies
T000743,2025-12-16,6200,2025-12,-1166.1354178169447,Office supplies
T000744,2025-12-04,6200,2025-12,-1111.7156422427731,Office supplies
T000745,2025-12-18,6200,2025-12,-1051.6028211437372,Office supplies
T000746,2025-12-13,6200,2025-12,-1199.905460727682,Legal fees
T000747,2025-12-12,6200,2025-12,-1085.309160305158,Accounting services
T000748,2025-12-24,6200,2025-12,-1120.7895246919977,Accounting services
T000749,2025-12-18,6200,2025-12,-1201.4382468810102,Legal fees
T000750,2025-12-19,6200,2025-12,-1138.7195546475537,Accounting services
T000751,2025-12-24,6200,2025-12,-1025.9773423796364,Office supplies
T999001,2025-06-15,6100,2025-06,-40000.0,Legal settlement - one time
T999020,2025-09-03,4100,2025-09,4200.0,Implementation fee
T999021,2025-09-08,4100,2025-09,5800.0,Professional services invoice
T999022,2025-09-12,4100,2025-09,3600.0,Consulting engagement
T999023,2025-09-19,4100,2025-09,6100.0,Implementation fee
T999024,2025-09-24,4100,2025-09,4750.0,Professional services invoice
T999030,2025-10-05,5000,2025-11,-10200.0,AWS invoice
T999031,2025-10-14,5000,2025-11,-9300.0,GCP compute bill
T999032,2025-10-22,5000,2025-11,-10500.0,Cloudflare charge
T999010,2025-08-07,4000,2025-08,10200.0,Consulting engagement
T999011,2025-08-14,4000,2025-08,9800.0,Implementation fee
T999012,2025-08-21,4000,2025-08,10500.0,Professional services invoice
T999040,2025-04-03,6000,2025-04,-14200.0,Payroll
T999041,2025-04-07,6000,2025-04,-15100.0,Contractor payment
T999042,2025-04-11,6000,2025-04,-14800.0,Benefits administration
T999043,2025-04-15,6000,2025-04,-14300.0,Payroll
T999044,2025-04-18,6000,2025-04,-15200.0,Contractor payment
T999045,2025-04-22,6000,2025-04,-14600.0,Benefits administration
T999046,2025-04-25,6000,2025-04,-14900.0,Payroll
T999047,2025-04-28,6000,2025-04,-14000.0,Contractor payment
T999048,2025-10-02,6000,2025-10,-14500.0,Payroll
T999049,2025-10-06,6000,2025-10,-15300.0,Benefits administration
T999050,2025-10-10,6000,2025-10,-14100.0,Contractor payment
T999051,2025-10-14,6000,2025-10,-15000.0,Payroll
T999052,2025-10-18,6000,2025-10,-14700.0,Benefits administration
T999053,2025-10-22,6000,2025-10,-15100.0,Contractor payment
T999054,2025-10-25,6000,2025-10,-14400.0,Payroll
T999055,2025-10-29,6000,2025-10,-14900.0,Benefits administration
T999056,2025-07-03,5000,2025-07,-5400.0,AWS invoice
T999057,2025-07-07,5000,2025-07,-5600.0,GCP compute bill
T999058,2025-07-11,5000,2025-07,-5500.0,Cloudflare charge
T999059,2025-07-15,5000,2025-07,-5450.0,AWS invoice
T999060,2025-07-19,5000,2025-07,-5550.0,GCP compute bill
T999061,2025-07-23,5000,2025-07,-5300.0,AWS invoice
T999062,2025-07-26,5000,2025-07,-5600.0,Cloudflare charge
T999063,2025-07-29,5000,2025-07,-5450.0,GCP compute bill
T999064,2025-04-02,4100,2025-04,4600.0,Consulting engagement
T999065,2025-04-04,4100,2025-04,4400.0,Implementation fee
T999066,2025-04-06,4100,2025-04,4700.0,Professional services invoice
T999067,2025-04-09,4100,2025-04,4500.0,Consulting engagement
T999068,2025-04-12,4100,2025-04,4600.0,Implementation fee
T999069,2025-04-15,4100,2025-04,4400.0,Consulting engagement
T999070,2025-04-18,4100,2025-04,4550.0,Professional services invoice
T999071,2025-04-21,4100,2025-04,4500.0,Implementation fee
T999072,2025-04-24,4100,2025-04,4450.0,Consulting engagement
T999073,2025-04-27,4100,2025-04,4600.0,Professional services invoice
T999074,2025-04-28,4100,2025-04,4500.0,Implementation fee
T999075,2025-04-29,4100,2025-04,4550.0,Consulting engagement
T999076,2025-04-30,4100,2025-04,4400.0,Professional services invoice
T999077,2025-04-30,4100,2025-04,4600.0,Implementation fee
T999078,2025-04-30,4100,2025-04,4500.0,Consulting engagement
T999079,2025-04-30,4100,2025-04,4450.0,Professional services invoice
T999080,2025-07-02,4100,2025-07,4500.0,Consulting engagement
T999081,2025-07-04,4100,2025-07,4600.0,Implementation fee
T999082,2025-07-07,4100,2025-07,4400.0,Professional services invoice
T999083,2025-07-10,4100,2025-07,4550.0,Consulting engagement
T999084,2025-07-13,4100,2025-07,4500.0,Implementation fee
T999085,2025-07-16,4100,2025-07,4600.0,Consulting engagement
T999086,2025-07-19,4100,2025-07,4450.0,Professional services invoice
T999087,2025-07-22,4100,2025-07,4500.0,Implementation fee
T999088,2025-07-24,4100,2025-07,4550.0,Consulting engagement
T999089,2025-07-26,4100,2025-07,4400.0,Professional services invoice
T999090,2025-07-27,4100,2025-07,4600.0,Implementation fee
T999091,2025-07-28,4100,2025-07,4500.0,Consulting engagement
T999092,2025-07-29,4100,2025-07,4450.0,Professional services invoice
T999093,2025-07-30,4100,2025-07,4500.0,Implementation fee
T999094,2025-07-30,4100,2025-07,4600.0,Consulting engagement
T999095,2025-07-31,4100,2025-07,4400.0,Professional services invoice
T999096,2025-11-03,4100,2025-11,4500.0,Consulting engagement
T999097,2025-11-05,4100,2025-11,4600.0,Implementation fee
T999098,2025-11-07,4100,2025-11,4400.0,Professional services invoice
T999099,2025-11-10,4100,2025-11,4500.0,Consulting engagement
T999100,2025-11-12,4100,2025-11,4550.0,Implementation fee
T999101,2025-11-14,4100,2025-11,4600.0,Consulting engagement
T999102,2025-11-17,4100,2025-11,4400.0,Professional services invoice
T999103,2025-11-19,4100,2025-11,4500.0,Implementation fee
T999104,2025-11-21,4100,2025-11,4550.0,Consulting engagement
T999105,2025-11-23,4100,2025-11,4400.0,Professional services invoice
T999106,2025-11-24,4100,2025-11,4600.0,Implementation fee
T999107,2025-11-25,4100,2025-11,4500.0,Consulting engagement
T999108,2025-11-26,4100,2025-11,4450.0,Professional services invoice
T999109,2025-11-27,4100,2025-11,4500.0,Implementation fee
T999110,2025-11-28,4100,2025-11,4600.0,Consulting engagement
T999111,2025-11-29,4100,2025-11,4400.0,Professional services invoice
T999112,2025-04-05,4000,2025-04,18500.0,Payroll
T999113,2025-04-12,4000,2025-04,17800.0,Benefits administration
T999114,2025-04-19,4000,2025-04,19200.0,Contractor payment
T999115,2025-05-06,4000,2025-05,17500.0,Legal fees
T999116,2025-05-14,4000,2025-05,18900.0,Office supplies
T999117,2025-05-21,4000,2025-05,19100.0,Accounting services
T999118,2025-07-08,4000,2025-07,18200.0,AWS invoice
T999119,2025-07-15,4000,2025-07,17600.0,GCP compute bill
T999120,2025-07-22,4000,2025-07,19300.0,Cloudflare charge
T999121,2025-10-15,5100,2025-10,-52000.0,Annual software license - one time renewal
T999122,2025-05-28,6200,2025-06,-12500.0,Legal retainer - May
T999123,2025-05-30,6200,2025-06,-11800.0,Accounting services - May
T999124,2025-05-29,6200,2025-06,-9200.0,Office supplies - May
T999125,2025-08-10,5100,2025-08,-38000.0,Miscellaneous charges
T999126,2025-09-01,5000,2025-09,-8500.0,AWS invoice
T999127,2025-09-08,5000,2025-09,-8200.0,AWS invoice
T999128,2025-09-15,5000,2025-09,-8700.0,AWS invoice
T999129,2025-09-22,5000,2025-09,-8400.0,AWS invoice
T999130,2025-09-29,5000,2025-09,-8600.0,AWS invoice
T999131,2025-11-14,6200,2025-11,-42000.0,Settlement payment
